131,152,125,2021-09-21 2:37:19 PM
132,152,124,2021-09-21 2:37:19 PM
132,152,124,2021-09-21 2:37:19 PM
132,152,124,2021-09-21 2:37:19 PM
132,152,124,2021-09-21 2:37:19 PM
133,152,124,2021-09-21 2:37:19 PM
133,153,124,2021-09-21 2:37:19 PM
133,153,124,2021-09-21 2:37:19 PM
133,153,124,2021-09-21 2:37:19 PM
133,153,124,2021-09-21 2:37:19 PM
133,152,124,2021-09-21 2:37:19 PM
132,152,124,2021-09-21 2:37:19 PM
132,152,124,2021-09-21 2:37:19 PM
132,152,125,2021-09-21 2:37:19 PM
132,152,124,2021-09-21 2:37:19 PM
133,152,124,2021-09-21 2:37:19 PM
132,152,124,2021-09-21 2:37:19 PM
132,152,124,2021-09-21 2:37:19 PM
132,152,125,2021-09-21 2:37:19 PM
132,152,124,2021-09-21 2:37:19 PM
133,152,125,2021-09-21 2:37:19 PM
133,152,125,2021-09-21 2:37:19 PM
133,152,125,2021-09-21 2:37:19 PM
133,153,124,2021-09-21 2:37:19 PM
133,152,124,2021-09-21 2:37:19 PM
133,152,124,2021-09-21 2:37:19 PM
132,152,124,2021-09-21 2:37:19 PM
132,152,124,2021-09-21 2:37:19 PM
131,151,124,2021-09-21 2:37:19 PM
131,151,124,2021-09-21 2:37:19 PM
131,151,125,2021-09-21 2:37:19 PM
131,151,125,2021-09-21 2:37:19 PM
131,151,125,2021-09-21 2:37:19 PM
131,151,125,2021-09-21 2:37:19 PM
131,151,125,2021-09-21 2:37:19 PM
131,151,125,2021-09-21 2:37:19 PM
131,151,124,2021-09-21 2:37:19 PM
131,151,124,2021-09-21 2:37:19 PM
131,152,124,2021-09-21 2:37:19 PM
130,151,124,2021-09-21 2:37:19 PM
131,151,124,2021-09-21 2:37:19 PM
131,152,124,2021-09-21 2:37:19 PM
131,152,124,2021-09-21 2:37:19 PM
131,152,123,2021-09-21 2:37:19 PM
131,152,124,2021-09-21 2:37:19 PM
131,152,124,2021-09-21 2:37:19 PM
131,152,124,2021-09-21 2:37:19 PM
131,152,124,2021-09-21 2:37:19 PM
132,152,124,2021-09-21 2:37:19 PM
131,152,124,2021-09-21 2:37:19 PM
131,152,125,2021-09-21 2:37:19 PM
131,152,125,2021-09-21 2:37:19 PM
131,152,125,2021-09-21 2:37:19 PM
131,152,124,2021-09-21 2:37:19 PM
132,152,124,2021-09-21 2:37:19 PM
131,152,124,2021-09-21 2:37:19 PM
131,151,124,2021-09-21 2:37:19 PM
131,152,124,2021-09-21 2:37:19 PM
131,152,123,2021-09-21 2:37:19 PM
130,152,123,2021-09-21 2:37:19 PM
129,152,123,2021-09-21 2:37:19 PM
129,152,123,2021-09-21 2:37:19 PM
129,152,124,2021-09-21 2:37:19 PM
129,152,124,2021-09-21 2:37:19 PM
129,153,124,2021-09-21 2:37:19 PM
129,154,124,2021-09-21 2:37:19 PM
127,155,124,2021-09-21 2:37:19 PM
124,156,125,2021-09-21 2:37:19 PM
120,159,125,2021-09-21 2:37:19 PM
114,162,125,2021-09-21 2:37:19 PM
108,166,124,2021-09-21 2:37:19 PM
101,169,124,2021-09-21 2:37:19 PM
95,170,121,2021-09-21 2:37:19 PM
88,168,120,2021-09-21 2:37:19 PM
82,164,118,2021-09-21 2:37:19 PM
76,159,117,2021-09-21 2:37:19 PM
71,151,115,2021-09-21 2:37:19 PM
68,141,117,2021-09-21 2:37:19 PM
68,134,119,2021-09-21 2:37:19 PM
74,129,124,2021-09-21 2:37:19 PM
85,126,124,2021-09-21 2:37:19 PM
106,126,124,2021-09-21 2:37:19 PM
135,134,126,2021-09-21 2:37:19 PM
155,139,124,2021-09-21 2:37:19 PM
178,153,123,2021-09-21 2:37:19 PM
191,156,123,2021-09-21 2:37:19 PM
196,154,123,2021-09-21 2:37:19 PM
195,153,125,2021-09-21 2:37:20 PM
195,153,128,2021-09-21 2:37:20 PM
196,152,130,2021-09-21 2:37:20 PM
195,150,132,2021-09-21 2:37:20 PM
193,149,131,2021-09-21 2:37:20 PM
185,147,129,2021-09-21 2:37:20 PM
173,144,126,2021-09-21 2:37:20 PM
162,141,124,2021-09-21 2:37:20 PM
152,139,123,2021-09-21 2:37:20 PM
146,140,122,2021-09-21 2:37:20 PM
141,141,121,2021-09-21 2:37:20 PM
137,142,121,2021-09-21 2:37:20 PM
134,143,120,2021-09-21 2:37:20 PM
131,145,120,2021-09-21 2:37:20 PM
128,147,121,2021-09-21 2:37:20 PM
125,148,121,2021-09-21 2:37:20 PM
123,149,122,2021-09-21 2:37:20 PM
122,150,123,2021-09-21 2:37:20 PM
121,152,124,2021-09-21 2:37:20 PM
121,153,125,2021-09-21 2:37:20 PM
121,153,126,2021-09-21 2:37:20 PM
122,153,126,2021-09-21 2:37:20 PM
122,154,126,2021-09-21 2:37:20 PM
123,155,126,2021-09-21 2:37:20 PM
123,155,126,2021-09-21 2:37:20 PM
124,155,127,2021-09-21 2:37:20 PM
124,156,128,2021-09-21 2:37:20 PM
126,156,128,2021-09-21 2:37:20 PM
127,156,128,2021-09-21 2:37:20 PM
127,155,129,2021-09-21 2:37:20 PM
128,155,129,2021-09-21 2:37:20 PM
128,155,129,2021-09-21 2:37:20 PM
128,155,129,2021-09-21 2:37:20 PM
128,155,129,2021-09-21 2:37:20 PM
127,155,128,2021-09-21 2:37:20 PM
127,154,128,2021-09-21 2:37:20 PM
127,154,127,2021-09-21 2:37:20 PM
126,153,127,2021-09-21 2:37:20 PM
127,153,127,2021-09-21 2:37:20 PM
127,153,126,2021-09-21 2:37:20 PM
127,153,126,2021-09-21 2:37:20 PM
127,152,126,2021-09-21 2:37:20 PM
127,153,126,2021-09-21 2:37:20 PM
127,152,126,2021-09-21 2:37:20 PM
128,152,126,2021-09-21 2:37:20 PM
128,152,126,2021-09-21 2:37:20 PM
128,152,126,2021-09-21 2:37:20 PM
128,152,126,2021-09-21 2:37:20 PM
128,151,126,2021-09-21 2:37:20 PM
128,151,127,2021-09-21 2:37:20 PM
129,152,127,2021-09-21 2:37:20 PM
129,152,127,2021-09-21 2:37:20 PM
130,152,126,2021-09-21 2:37:20 PM
130,152,126,2021-09-21 2:37:20 PM
130,152,126,2021-09-21 2:37:20 PM
130,152,126,2021-09-21 2:37:20 PM
130,152,126,2021-09-21 2:37:20 PM
130,152,126,2021-09-21 2:37:20 PM
130,152,126,2021-09-21 2:37:20 PM
130,152,125,2021-09-21 2:37:20 PM
130,152,125,2021-09-21 2:37:20 PM
130,152,125,2021-09-21 2:37:20 PM
131,152,125,2021-09-21 2:37:20 PM
131,152,125,2021-09-21 2:37:20 PM
132,152,125,2021-09-21 2:37:20 PM
131,152,125,2021-09-21 2:37:20 PM
131,152,125,2021-09-21 2:37:20 PM
131,152,125,2021-09-21 2:37:20 PM
131,152,125,2021-09-21 2:37:20 PM
131,152,125,2021-09-21 2:37:20 PM
131,152,125,2021-09-21 2:37:20 PM
131,152,125,2021-09-21 2:37:20 PM
131,152,125,2021-09-21 2:37:20 PM
131,152,125,2021-09-21 2:37:20 PM
131,153,125,2021-09-21 2:37:20 PM
131,153,125,2021-09-21 2:37:20 PM
131,153,125,2021-09-21 2:37:20 PM
131,153,125,2021-09-21 2:37:20 PM
132,153,125,2021-09-21 2:37:20 PM
131,153,125,2021-09-21 2:37:20 PM
131,153,125,2021-09-21 2:37:20 PM
131,153,125,2021-09-21 2:37:20 PM
131,153,125,2021-09-21 2:37:20 PM
131,153,125,2021-09-21 2:37:20 PM
131,153,126,2021-09-21 2:37:20 PM
131,153,126,2021-09-21 2:37:20 PM
131,152,126,2021-09-21 2:37:20 PM
131,152,126,2021-09-21 2:37:20 PM
131,152,126,2021-09-21 2:37:20 PM
131,152,126,2021-09-21 2:37:20 PM
131,152,126,2021-09-21 2:37:20 PM
131,152,126,2021-09-21 2:37:20 PM
131,152,126,2021-09-21 2:37:20 PM
131,152,126,2021-09-21 2:37:20 PM
131,152,126,2021-09-21 2:37:20 PM
131,152,125,2021-09-21 2:37:20 PM
131,151,125,2021-09-21 2:37:20 PM
131,151,125,2021-09-21 2:37:20 PM
131,151,125,2021-09-21 2:37:20 PM
131,151,125,2021-09-21 2:37:20 PM
131,151,125,2021-09-21 2:37:20 PM
131,151,126,2021-09-21 2:37:20 PM
131,152,126,2021-09-21 2:37:20 PM
131,152,126,2021-09-21 2:37:20 PM
131,152,126,2021-09-21 2:37:20 PM
132,152,125,2021-09-21 2:37:20 PM
132,152,125,2021-09-21 2:37:20 PM
132,153,125,2021-09-21 2:37:21 PM
132,153,125,2021-09-21 2:37:21 PM
131,152,125,2021-09-21 2:37:21 PM
131,152,125,2021-09-21 2:37:21 PM
131,152,125,2021-09-21 2:37:21 PM
131,152,125,2021-09-21 2:37:21 PM
131,152,125,2021-09-21 2:37:21 PM
131,152,125,2021-09-21 2:37:21 PM
131,152,125,2021-09-21 2:37:21 PM
131,152,125,2021-09-21 2:37:21 PM
131,152,125,2021-09-21 2:37:21 PM
131,152,125,2021-09-21 2:37:21 PM
131,152,125,2021-09-21 2:37:21 PM
131,152,125,2021-09-21 2:37:21 PM
131,152,126,2021-09-21 2:37:21 PM
131,152,126,2021-09-21 2:37:21 PM
131,152,126,2021-09-21 2:37:21 PM
131,152,126,2021-09-21 2:37:21 PM
131,152,126,2021-09-21 2:37:21 PM
131,152,126,2021-09-21 2:37:21 PM
131,152,126,2021-09-21 2:37:21 PM
131,152,126,2021-09-21 2:37:21 PM
131,152,126,2021-09-21 2:37:21 PM
131,152,126,2021-09-21 2:37:21 PM
131,152,126,2021-09-21 2:37:21 PM
